{"cameraMode":{"drawMode":0,"name":"Shaded","section":"Shading Mode"},"sceneLighting":true,"audioPlay":false,"sceneViewState":{"showFog":true,"showMaterialUpdate":false,"showSkybox":true,"showFlares":true,"showImageEffects":true,"showParticleSystems":true},"in2DMode":false,"pivot":{"x":-0.13576889038085938,"y":4.433932304382324,"z":4.67881965637207},"rotation":{"x":-0.23747141659259797,"y":-0.3562837243080139,"z":0.0941336527466774,"w":-0.8987870812416077},"size":15.01134967803955,"orthographic":false}