{"cameraMode":{"drawMode":0,"name":"Shaded","section":"Shading Mode"},"sceneLighting":false,"audioPlay":false,"sceneViewState":{"showFog":true,"showMaterialUpdate":false,"showSkybox":false,"showFlares":true,"showImageEffects":true,"showParticleSystems":true},"in2DMode":false,"pivot":{"x":0.7497747540473938,"y":0.09263760596513748,"z":-7.296480655670166},"rotation":{"x":-0.30742156505584719,"y":-0.4083431363105774,"z":0.14827485382556916,"w":-0.8466240763664246},"size":1.6366219520568848,"orthographic":false}