{"cameraMode":{"drawMode":0,"name":"Shaded","section":"Shading Mode"},"sceneLighting":false,"audioPlay":false,"sceneViewState":{"showFog":true,"showMaterialUpdate":false,"showSkybox":false,"showFlares":true,"showImageEffects":true,"showParticleSystems":true},"in2DMode":false,"pivot":{"x":146.79574584960938,"y":-59.067596435546878,"z":-155.44866943359376},"rotation":{"x":-0.050683118402957919,"y":0.9458422660827637,"z":-0.18122713267803193,"w":-0.2645200490951538},"size":483.8161315917969,"orthographic":false}